videoid,title,tweet,keywords
1,The Goon - I AM THE DON,I AM THE DON!, @@Trump @@Ted Cruz @@Hillary Clinton
2,The Goon - Treaty,This treaty needs radification, @@Treaty @@Bill Of Rights @@Women @@Divorce
3,The Goon - BURY YOU,I BURY YOU!, @@Undertaker @@Bury You @@Murder
4,Cooking With Jed - Tree Leaf Salad,,
5,Juicing With Jed - Healthy Alcohol,,
6,The Goon - Halloween,,
7,Trump Vader,,
8,Star Trek: The Goon Generation,Probably the goon ship, @@Gene Rodenbury @@Star Trek @@Next Generation
9,The Goonball - Miles Ahead,,
10,Large Bigfoot Sasquatch Sighting / Encounter 2016,,
11,The Goon Elf - Christmas in the Shadow,,
12,Cipher the Goon - The Seam,,
13,Lord of the Goons - Falling Blocks (Tetris Remix),,
14,"JFK - Moon Speech ""WE CHOOSE TO GO TO THE MOON""",,
15,Donald Trump Survives Multiple Political Assassination Attempts,GOP at Trump, @@Trump @@Ted Cruz @@Hillary Clinton
16,Passion of The Trump - Betrayal of Romney,,
17,Badface - The Hulkbook,Hulk in 'The Notebook' #BadFace, @@Hulk Hogan @@Romance @@Love @@Ryan Gosling @@Rachel McAdams
18,The Mystic Goon - Forever Lost in Time,Forever Lost in Time, @@skydiving @@music @@MTV
19,Juicing with Jed - Jedford's Wakeup Elixir,,
20,OMG DUCKLINGS,,
21,OMG DUCKLINGS TWERK,,
